re_with_dec,max_score_exclude_landscape,recruitment,nn_plant_cover,tree_sp_richness,shrub_sp_richness,grass_sp_richness,forb_other_sp_richness,emergent_canopy_height,tree_canopy_height,tree_subcanopy_height,emergent_canopy_cover,tree_canopy_cover,tree_subcanopy_cover,Large tree threshold _Eucalypt,Large tree threshold_ Non eucalypt,tot_num_large_trees_euc_ha,tot_num_large_trees_non_euc_ha,shrub_canopy_cover,native_per_grass,litter_grd_cov,woody debris_length_ha,reliability,source,notes/conditions of use,,,,,,,,,,,,,,,,,,,,,,,
10.3.13a,80,100,0,5,4,6,8,na,24,8,na,54,5,53,30,17,44,7,12,19,295,moderate,2 reference sites|| 5 Corveg sites and expert opinion,,,,,,,,,,,,,,,,,,,,,,,,
10.3.6,80,100,0,3,6,6,10,na,15,na,na,29,na,44,na,20,na,6,18,12,120,moderate,1 reference site|| 11 Corveg sites and expert opinion,,,,,,,,,,,,,,,,,,,,,,,,
10.5.1a,80,100,0,5,9,9,11,na,11,6,na,40,4,45,na,11,na,5,29,31,110,moderate,2 reference site|| 17 Corveg sites and expert opinion,,,,,,,,,,,,,,,,,,,,,,,,
11.1.2,30,na,0,na,na,1,5,na,na,na,na,na,na,na,na,na,na,na,5,10,na,moderate,2 reference sites|| 2 Corveg sites and expert opinion,,,,,,,,,,,,,,,,,,,,,,,,
11.10.1,80,100,0,4,4,9,17,na,24,13,na,30,15,46,11,30,3,13,16,50,388,high,39 Corveg sites|| 79 QBERD sites and expert opinion,,,,,,,,,,,,,,,,,,,,,,,,
11.10.11,80,100,0,3,6,9,20,na,18,8,na,30,6,38,16,20,5,3,17,38,128,moderate,3 CorVeg sites|| 4 research plots and expert opinion,,,,,,,,,,,,,,,,,,,,,,,,
11.10.13,80,100,0,4,7,6,7,na,15,7,na,25,10,51,29,14,9,10,22,39,280,moderate,9 Qld Herbarium CorVeg sites|| 7 QBERD sites and expert opinion,,,,,,,,,,,,,,,,,,,,,,,,
11.10.13a,80,100,0,4,7,6,7,na,15,7,na,25,10,51,29,14,9,10,22,39,280,moderate,5 Qld Herbarium CorVeg sites|| 12 QBERD sites and expert opinion,,,,,,,,,,,,,,,,,,,,,,,,
11.10.3,80,100,0,3,4,7,9,na,15,na,na,41,na,41,26,6,36,3,23,32,498,high,4 reference sites||  29 Corveg sites and expert opinion,,,,,,,,,,,,,,,,,,,,,,,,
11.10.4,80,100,0,4,6,5,5,na,20,na,na,27,na,54,30,16,5,4,23,30,410,moderate,7 CorVeg sites|| 1 research plot and expert opinion,,,,,,,,,,,,,,,,,,,,,,,,
11.10.5,80,100,0,4,11,4,11,na,39,14,na,61,27,70,28,9,13,14,37,50,670,high,1 Qld Herbarium CorVeg sites|| 3 BioCondition Reference sites|| 8 QBERD Research plots and expert opinion,,,,,,,,,,,,,,,,,,,,,,,,
11.10.6,80,100,0,6,5,6,16,na,20,16,na,17,8,51,27,3,20,10,18,35,333,high,5 Qld Herbarium CorVeg sites|| 1 BioCondition Reference sites|| 5 QBERD sites and expert opinion,,,,,,,,,,,,,,,,,,,,,,,,
11.10.7a,80,100,0,5,5,5,6,na,19,11,na,36,18,44,25,19,8,8,25,55,526,high,1 Qld Herbarium CorVeg sites|| 3 BioCondition Reference sites and expert opinion,,,,,,,,,,,,,,,,,,,,,,,,
11.10.9,80,100,0,4,5,12,9,na,18,8,na,38,40,50,28,2,23,2,16,15,586,high,4 Qld Herbarium CorVeg sites|| 32 QBERD research plots|| 1 BioCondition Reference sites and expert opinion.,,,,,,,,,,,,,,,,,,,,,,,,
11.11.1,80,100,0,4,7,8,10,na,16,7,na,30,6,42,na,10,na,4,30,32,176,moderate,1 reference site||  23 Corveg sites and expert opinion,,,,,,,,,,,,,,,,,,,,,,,,
11.11.13,80,100,0,3,7,11,9,na,13,na,na,25,na,na,25,na,38,5,7,30,551,moderate,2 reference site|| 9 Corveg sites and expert opinion,,,,,,,,,,,,,,,,,,,,,,,,
11.11.15,80,100,0,4,3,7,12,na,18,10,na,35,5,37,na,17,na,3,45,23,441,moderate,3 reference sites|| 9 Corveg sites and expert opinion,,,,,,,,,,,,,,,,,,,,,,,,
11.11.15a,80,100,0,4,4,12,21,na,17,6,na,41,13,40,na,21,na,5,43,28,426,moderate,3 reference sites|| 2 Corveg sites and expert opinion,,,,,,,,,,,,,,,,,,,,,,,,
11.11.16,80,100,0,6,8,8,7,na,22,8,na,40,6,46,23,12,13,10,15,41,696,moderate,2 reference site|| 7 Corveg sites and expert opinion,,,,,,,,,,,,,,,,,,,,,,,,
11.11.19,80,100,0,5,7,8,5,na,17,8,na,19,5,44,22,9,48,8,16,20,888,moderate,2 reference site|| 6 Corveg sites and expert opinion,,,,,,,,,,,,,,,,,,,,,,,,
11.11.3,80,100,0,3,6,6,14,na,28,15,na,45,6,38,na,23,na,9,17,50,642,high,10 Qld Herbarium CorVeg sites|| 1 BioCondition Reference sites|| 3 QBERD sites and expert opinion,,,,,,,,,,,,,,,,,,,,,,,,
11.11.4,80,100,0,4,9,9,21,na,21,12,na,48,7,35,na,20,na,17,25,28,496,moderate,3 reference sites|| 1 Corveg site and expert opinion,,,,,,,,,,,,,,,,,,,,,,,,
11.11.6,80,100,0,7,8,4,6,na,16,7,na,20,12,40,24,9,2,3,28,43,496,moderate,2 reference site|| 7 Corveg sites and expert opinion,,,,,,,,,,,,,,,,,,,,,,,,
11.11.7,80,100,0,3,6,5,10,na,19,8,na,26,5,49,28,11,15,11,17,50,288,moderate,10 Qld Herbarium CorVeg sites|| 1 analogous Benchmark and expert opinion,,,,,,,,,,,,,,,,,,,,,,,,
11.11.8,80,100,0,3,5,12,15,na,7,na,na,17,na,21,na,15,na,19,14,14,33,moderate,4 reference site|| 1 Corveg sites and expert opinion,,,,,,,,,,,,,,,,,,,,,,,,
11.11.9,80,100,0,4,4,8,10,na,18,8,na,28,5,38,31,12,2,5,39,30,194,moderate,1 reference site|| 5 Corveg sites and expert opinion,,,,,,,,,,,,,,,,,,,,,,,,
11.12.1,80,100,0,3,6,8,13,na,15,10,na,35,7,40,na,20,na,4,41,28,408,moderate,3 reference sites|| 11 Corveg sites and expert opinion,,,,,,,,,,,,,,,,,,,,,,,,
11.12.10,80,100,0,5,6,7,22,na,12,5,na,46,7,39,22,19,4,3,50,34,325,moderate,3 reference site and expert opinion,,,,,,,,,,,,,,,,,,,,,,,,
11.12.15,80,100,0,6,18,4,24,na,14,8,na,66,26,42,25,24,19,40,18,55,224,moderate,2 reference site and expert opinion,,,,,,,,,,,,,,,,,,,,,,,,
11.12.16,80,100,0,10,6,4,17,na,9,5,na,36,4,21,21,5,19,12,43,13,135,moderate,2 reference sites||  5 Corveg sites and expert opinion,,,,,,,,,,,,,,,,,,,,,,,,
11.12.17,80,100,0,5,4,13,14,na,19,10,na,36,8,44,34,9,1,14,26,23,314,moderate,3 Qld Herbarium CorVeg sites|| 1 BioCondition Reference sites|| 1 QBERD site and expert opinion,,,,,,,,,,,,,,,,,,,,,,,,
11.12.18,40,100,0,0,7,6,13,na,na,na,na,na,na,na,na,na,na,43,24,14,na,moderate,2 reference site and expert opinion,,,,,,,,,,,,,,,,,,,,,,,,
11.12.2,80,100,0,3,5,9,19,na,15,na,na,20,na,36,na,10,na,2,57,10,212,moderate,1 reference site||  9 Corveg sites and expert opinion,,,,,,,,,,,,,,,,,,,,,,,,
11.12.21,80,100,0,12,18,4,24,na,21,na,na,33,na,na,33,na,44,23,17,28,1520,moderate,3 reference sites and expert opinion,,,,,,,,,,,,,,,,,,,,,,,,
11.12.4,80,100,0,17,13,2,17,na,15,8,na,41,38,na,28,na,82,23,2,17,607,moderate,4 reference sites|| 3 Corveg sites and expert opinion,,,,,,,,,,,,,,,,,,,,,,,,
11.12.6,80,100,0,4,5,8,15,na,25,9,na,44,15,43,na,13,na,4,26,44,819,moderate,3 Qld Herbarium CorVeg sites|| 3 QBERD assessment sites|| 1 analogous RE benchmark and expert opinion,,,,,,,,,,,,,,,,,,,,,,,,
11.12.6b,80,100,0,4,7,13,14,na,20,10,na,71,23,35,26,4,4,2,15,20,441,moderate, 3 Qld Herbarium CorVeg sites from an analogous RE|| 1 BioCondition Reference sites and expert opinion,,,,,,,,,,,,,,,,,,,,,,,,
11.12.7,80,100,0,9,9,8,18,na,11,5,na,25,6,32,25,19,13,12,25,24,127,moderate,3 reference site|| 1 CORVEG site and expert opinion,,,,,,,,,,,,,,,,,,,,,,,,
11.12.9,80,100,0,7,7,8,18,na,14,6,na,32,13,43,22,16,2,3,32,52,206,moderate,3 reference sites||  2 Corveg sites and expert opinion,,,,,,,,,,,,,,,,,,,,,,,,
11.2.3,70,100,0,14,9,na,5,na,9,8,na,58,12,na,22,na,112,36,na,82,567,moderate,4 reference sites|| 4 Corveg sites|| 1 QBERD site and expert opinion,,,,,,,,,,,,,,,,,,,,,,,,
11.3.1,80,100,0,3,5,4,8,na,14,4,na,29,9,na,29,na,70,8,8,34,1752,moderate,1 reference sites|| 3 Corveg sites and expert opinion,,,,,,,,,,,,,,,,,,,,,,,,
11.3.10,80,100,0,6,5,10,12,na,12,6,na,30,6,43,27,13,2,4,10,45,167,moderate,2 reference site|| 7 Corveg sites and expert opinion,,,,,,,,,,,,,,,,,,,,,,,,
11.3.11,80,100,0,14,23,1,11,23,12,6,5,43,23,35,34,4,64,12,1,65,605,high,3 reference sites|| 3 Corveg sites and expert opinion,,,,,,,,,,,,,,,,,,,,,,,,
11.3.14,80,100,0,5,7,7,19,na,16,8,na,53,18,40,32,7,39,8,18,48,544,high,5 Qld Herbarium CorVeg sites|| 4 QBERD sites and expert opinion,,,,,,,,,,,,,,,,,,,,,,,,
11.3.17,80,100,0,6,11,12,12,na,17,8,na,29,12,38,30,6,32,8,29,27,453,moderate,3 Qld Herbarium CorVeg sites|| 4 BioCondition reference sites and expert opinion,,,,,,,,,,,,,,,,,,,,,,,,
11.3.18,80,100,0,4,7,11,21,na,18,9,na,43,26,46,31,12,12,5,16,35,273,high,2 Qld Herbarium CorVeg sites|| 1 QBERD NFPP plot|| 2 BioCondition Reference sites and expert opinion,,,,,,,,,,,,,,,,,,,,,,,,
11.3.2,80,100,0,2,2,9,17,na,18,na,na,40,na,40,na,22,na,2,35,30,307,moderate,6 QBERD sites and expert opinion,,,,,,,,,,,,,,,,,,,,,,,,
11.3.21,40,na,0,na,3,8,12,na,na,na,na,na,na,na,na,na,na,1,51,42,na,moderate,3 BioCondition reference sites|| 2 Corveg sites and expert opinion,,,,,,,,,,,,,,,,,,,,,,,,
11.3.23,80,100,0,6,5,8,22,na,26,11,na,54,7,52,31,21,8,3,20,19,1540,moderate,4 reference sites|| 1 Corveg sites and expert opinion,,,,,,,,,,,,,,,,,,,,,,,,
11.3.25,80,100,0,4,2,8,12,na,23,na,na,22,na,49,29,14,10,2,12,15,375,high,6 reference sites|| 37 Corveg sites and expert opinion,,,,,,,,,,,,,,,,,,,,,,,,
11.3.25b,80,100,0,8,4,7,13,na,24,10,na,45,10,48,45,5,29,6,10,35,148,high,5 reference sites|| 3 Corveg sites and expert opinion,,,,,,,,,,,,,,,,,,,,,,,,
11.3.26,80,100,0,3,3,13,14,na,23,10,na,47,13,45,na,16,na,2,36,32,535,moderate,3 reference sites|| 4 Corveg sites and expert opinion,,,,,,,,,,,,,,,,,,,,,,,,
11.3.27f (unwooded),30,na,0,na,na,1,9,na,na,na,na,na,na,na,na,na,na,na,6,na,na,moderate,6 Corveg sites and expert opinion,,,,,,,,,,,,,,,,,,,,,,,,
11.3.27f (wooded),80,100,0,1,1,3,6,na,16,na,na,40,na,46,na ,28,na,na,3,15,530,moderate,1 reference site|| 3 Corveg sites and expert opinion,,,,,,,,,,,,,,,,,,,,,,,,
11.3.27i,70,100,0,1,1,1,6,na,17,na,na,46,na,48,na,12,na,na,16,20,406,moderate,8 Corveg sites and expert opinion,,,,,,,,,,,,,,,,,,,,,,,,
11.3.29a,80,100,0,7,7,8,17,na,21,11,na,44,10,45,na,14,na,2,40,30,304,high,4 reference sites and expert opinion,,,,,,,,,,,,,,,,,,,,,,,,
11.3.30,80,100,0,4,2,9,11,na,14,na,na,24,na,41,na,12,na,1,41,41,257,moderate,3 reference sites||  4 Corveg sites and expert opinion,,,,,,,,,,,,,,,,,,,,,,,,
11.3.32,80,100,0,3,3,6,12,na,9,na,na,36,na,23,24,4,18,2,15,44,323,moderate,1 reference site||  4 Corveg sites and expert opinion,,,,,,,,,,,,,,,,,,,,,,,,
11.3.33,80,100,0,5,4,10,11,11,4,na,10,25,na,30,19,4,11,1,15,11,155,moderate,3 reference site and expert opinion,,,,,,,,,,,,,,,,,,,,,,,,
11.3.35,80,100,0,6,4,7,12,na,15,6,na,30,15,41,26,20,12,5,52,15,319,moderate,1 reference site|| 9  Corveg sites and expert opinion,,,,,,,,,,,,,,,,,,,,,,,,
11.3.36,80,100,0,5,2,13,20,na,18,8,na,39,23,38,22,14,2,1,39,24,415,moderate,5 reference sites|| 1 Corveg site and expert opinion,,,,,,,,,,,,,,,,,,,,,,,,
11.3.37,80,100,0,6,4,9,6,na,19,8,na,36,8,47,35,10,10,5,16,20,437,moderate,1 reference site||  5 Corveg sites and expert opinion,,,,,,,,,,,,,,,,,,,,,,,,
11.3.39,80,100,0,3,3,10,16,na,19,12,na,35,11,43,24,15,6,1,49,23,247,high,3 Qld Herbarium CorVeg sites|| 3 BioCondition Reference sites and expert opinion,,,,,,,,,,,,,,,,,,,,,,,,
11.3.4,80,100,0,4,2,7,10,na,22,12,na,17,5,48,24,26,9,1,43,20,384,moderate,15 Qld Herbarium CorVeg sites|| 5 BioCondition Reference sites|| 1 QBERD site and expert opinion,,,,,,,,,,,,,,,,,,,,,,,,
11.3.7,80,100,0,5,3,7,9,na,16,na,na,24,na,55,30,6,4,2,14,17,164,moderate,1 reference site||  7 Corveg sites and expert opinion,,,,,,,,,,,,,,,,,,,,,,,,
11.3.9,80,100,0,5,6,9,17,na,18,na,na,28,na,43,na,15,na,1,34,32,151,moderate,3 reference sites|| 3 Corveg sites and expert opinion,,,,,,,,,,,,,,,,,,,,,,,,
11.4.10,80,100,0,4,4,4,7,na,19,na,na,31,na,51,27,13,16,36,8,77,307,moderate,2 reference sites|| 2 QBERD sites and expert opinion,,,,,,,,,,,,,,,,,,,,,,,,
11.4.12,80,100,0,2,9,15,10,na,16,7,na,27,5,58,26,11,15,8,18,40,307,moderate,2 reference sites|| 4 Corveg sites and expert opinion,,,,,,,,,,,,,,,,,,,,,,,,
11.4.2,80,100,0,4,5,8,7,na,20,8,na,25,5,39,24,9,9,13,16,30,109,moderate,2 reference site|| 7 Corveg sites and expert opinion,,,,,,,,,,,,,,,,,,,,,,,,
11.4.3,80,100,0,2,10,4,13,na,24,na,na,70,na,na,32,na,80,48,6,75,1752,moderate,2 reference sites|| 3 QBERD sites and expert opinion,,,,,,,,,,,,,,,,,,,,,,,,
11.4.3a,80,100,0,1,2,4,4,na,10,na,na,90,na,na,16,na,50,13,14,65,688,moderate,3 reference sites and expert opinion,,,,,,,,,,,,,,,,,,,,,,,,
11.4.3b,80,100,0,2,10,9,12,na,23,8,na,56,6,40,27,17,108,15,7,50,1752,moderate,2 reference sites|| 2 Corveg sites and expert opinion,,,,,,,,,,,,,,,,,,,,,,,,
11.4.4,35,na,0,na,1,7,12,na,na,na,na,na,na,na,na,na,na,na,50,21,na,high,5 reference site|| 3 Corveg sites and expert opinion,,,,,,,,,,,,,,,,,,,,,,,,
11.4.5,80,100,0,2,4,7,9,na,11,na,na,20,na,na,23,na,15,3,8,49,1677,moderate,3 reference site|| 3 Corveg sites and expert opinion,,,,,,,,,,,,,,,,,,,,,,,,
11.4.6,80,100,0,4,11,4,6,na,9,na,na,39,na,na,27,na,40,5,12,20,667,moderate,1 reference site||  11 Corveg sites and expert opinion,,,,,,,,,,,,,,,,,,,,,,,,
11.4.8,80,100,0,3,10,9,7,na,17,na,na,40,na,38,22,28,42,5,20,37,813,moderate,2 reference sites|| 9 Corveg sites and expert opinion,,,,,,,,,,,,,,,,,,,,,,,,
11.5.10,80,100,0,4,5,6,8,na,6,na,na,21,na,31,19,1,18,6,15,9,101,moderate,5 reference site|| 3 Corveg sites and expert opinion,,,,,,,,,,,,,,,,,,,,,,,,
11.5.12,80,100,0,6,4,6,8,na,16,7,na,30,20,40,25,8,14,5,21,32,533,high,4 reference site|| 17 Corveg sites and expert opinion,,,,,,,,,,,,,,,,,,,,,,,,
11.5.12a,80,100,0,6,4,6,8,na,16,7,na,30,20,40,25,8,14,5,21,32,533,high,4 reference site|| 17 Corveg sites and expert opinion,,,,,,,,,,,,,,,,,,,,,,,,
11.5.13,80,100,0,5,6,10,9,na,15,5,na,21,6,39,26,13,20,19,27,39,306,high,3 Qld Herbarium CorVeg sites|| 1 BioCondition Reference sites|| 7 QBERD research sites and expert opinion,,,,,,,,,,,,,,,,,,,,,,,,
11.5.15,80,100,0,21,43,2,15,na,12,7,na,52,45,na,30,na,113,48,1,67,1295,moderate,2 reference sites and expert opinion,,,,,,,,,,,,,,,,,,,,,,,,
11.5.16,80,100,0,3,9,5,12,na,13,7,na,52,26,na,29,na,58,24,10,47,1812,moderate,1 reference site||  2 Corveg sites|| 3 analogous RE benchmarks and expert opinion,,,,,,,,,,,,,,,,,,,,,,,,
11.5.17,80,100,0,3,1,3,7,na,18,8,na,41,6,44,na,29,na,3,20,31,330,moderate,2 reference sites|| 2 Corveg sites and expert opinion,,,,,,,,,,,,,,,,,,,,,,,,
11.5.2,80,100,0,5,10,9,16,na,20,9,na,24,13,46,26,11,3,7,38,25,240,moderate,5 Qld Herbarium CorVeg sites|| 10 QBERD sites and expert opinion,,,,,,,,,,,,,,,,,,,,,,,,
11.5.20,80,100,0,3,4,7,13,na,23,10,na,43,38,46,23,14,10,5,8,57,178,moderate,2 reference sites|| 3 Corveg sites|| 10 research plots and expert opinion,,,,,,,,,,,,,,,,,,,,,,,,
11.5.21,80,100,0,6,10,7,16,na,19,9,na,41,32,43,28,6,37,40,9,46,738,high,5 Qld Herbarium CorVeg sites|| 6 QBERD sites and expert opinion,,,,,,,,,,,,,,,,,,,,,,,,
11.5.3,80,100,0,6,6,6,10,na,16,na,na,20,na,44,34,9,1,3,19,20,314,moderate,2 reference sites||  35 Corveg sites and expert opinion,,,,,,,,,,,,,,,,,,,,,,,,
11.5.4,80,100,0,4,3,13,18,na,21,10,na,30,24,49,28,7,10,7,30,58,204,moderate,1 reference sites|| 5 Corveg sites|| 6 research plots and expert opinion,,,,,,,,,,,,,,,,,,,,,,,,
11.5.4a,80,100,0,8,6,5,8,na,19,9,na,37,20,44,27,9,22,19,24,71,939,moderate,1 Qld Herbarium CorVeg sites|| 1 BioCondition Reference sites|| and assessment site and an analogous RE benchmark and expert opinion,,,,,,,,,,,,,,,,,,,,,,,,
11.5.5,80,100,0,9,6,4,4,na,15,8,na,41,42,40,25,7,22,2,7,80,182,high,2 Qld Herbarium CorVeg sites|| 3 BioCondition Reference sites and expert opinion,,,,,,,,,,,,,,,,,,,,,,,,
11.5.8,80,100,0,6,2,7,18,21,11,8,4,48,11,43,20,9,24,6,44,23,261,moderate,4 reference sites|| 1 Corveg site and expert opinion,,,,,,,,,,,,,,,,,,,,,,,,
11.5.8c,80,100,0,3,7,9,12,na,13,na,na,20,na,39,20,10,4,5,34,36,87,moderate,2 reference sites|| 2 Corveg sites|| an equivalent RE benchmark  and expert opinion,,,,,,,,,,,,,,,,,,,,,,,,
11.5.9,80,100,0,3,6,9,11,na,17,8,na,25,5,41,21,19,1,10,26,30,342,moderate,2 reference site|| 12 Corveg sites and expert opinion,,,,,,,,,,,,,,,,,,,,,,,,
11.5.9b,80,100,0,6,6,9,14,na,18,10,na,25,10,43,23,11,2,9,41,35,263,high,10 Qld Herbarium CorVeg sites|| 4 BioCondition Reference sites||  9 other assessment sites and expert opinion,,,,,,,,,,,,,,,,,,,,,,,,
11.7.1,80,100,0,4,8,8,9,na,20,9,na,27,5,40,24,18,2,10,20,20,424,moderate,1 reference site||  10 Corveg sites and expert opinion,,,,,,,,,,,,,,,,,,,,,,,,
11.7.2,80,100,0,3,4,5,5,na,15,5,na,40,4,41,26,10,26,4,15,20,1214,high,1 reference site||  75 Corveg sites and expert opinion,,,,,,,,,,,,,,,,,,,,,,,,
11.7.3,80,100,0,2,4,6,3,na,9,na,na,11,na,26,na,9,na,1,16,20,249,moderate,2 reference site|| 6 Corveg sites and expert opinion,,,,,,,,,,,,,,,,,,,,,,,,
11.7.4,80,100,0,4,6,7,9,na,18,9,na,29,8,46,26,14,7,7,12,50,320,moderate,11 Corveg sites|| 4 QBERD research sites|| 2 QGC reference sites||  and expert opinion,,,,,,,,,,,,,,,,,,,,,,,,
11.7.5,55,100,0,2,12,3,4,9,na,na,10,na,na,na,na,na,na,46,3,19,na,high,8 Qld Herbarium CorVeg sites|| 2 BioCondition Reference sites and expert opinion,,,,,,,,,,,,,,,,,,,,,,,,
11.7.6,80,100,0,6,13,7,12,na,24,6,na,50,5,52,na,7,na,7,15,65,140,high,18 Corveg sites|| 3 QBERD research plots and expert opinion,,,,,,,,,,,,,,,,,,,,,,,,
11.7.7,80,100,0,5,9,4,9,na,19,9,na,40,20,49,28,11,15,15,4,68,288,high,7 Corveg sites|| 23 QBERD research plots|| 1 QGC reference site and expert opinion,,,,,,,,,,,,,,,,,,,,,,,,
11.8.11,30,na,0,na,na,11,17,na,na,na,na,na,na,na,na,na,na,na,43,13,na,high,33 reference sites||  9 Corveg sites and expert opinion,,,,,,,,,,,,,,,,,,,,,,,,
11.8.14,80,100,0,6,9,5,14,na,16,7,na,29,7,38,na,12,na,6,43,32,130,high,5 BioCondition Reference sites|| 1 analogous RE benchmark and expert opinion,,,,,,,,,,,,,,,,,,,,,,,,
11.8.15,80,100,0,1,5,6,14,na,22,na,na,41,na,54,26,18,4,2,26,45,307,moderate,2 reference sites and expert opinion,,,,,,,,,,,,,,,,,,,,,,,,
11.8.2a,80,100,0,7,10,9,32,na,20,9,na,52,11,41,12,12,5,16,34,29,727,high,3 Corveg sites|| 2 reference sites and expert opinion,,,,,,,,,,,,,,,,,,,,,,,,
11.8.3,80,100,0,15,15,2,14,na,7,3,na,62,17,na,21,na,70,27,5,45,944,moderate,4 Corveg sites|| 1 reference sites and expert opinion,,,,,,,,,,,,,,,,,,,,,,,,
11.8.4,80,100,0,4,6,5,6,na,14,8,na,27,7,45,na,14,na,2,53,24,128,moderate,5 Corveg sites|| 2 reference sites and expert opinion,,,,,,,,,,,,,,,,,,,,,,,,
11.8.8,80,100,0,4,3,7,15,na,20,8,na,46,10,43,na,41,na,8,67,15,386,high,3 Qld Herbarium CorVeg sites|| 3 BioCondition Reference sites and expert opinion,,,,,,,,,,,,,,,,,,,,,,,,
11.9.1,80,100,0,4,9,10,7,17,14,8,5,40,18,47,29,7,6,16,16,35,565,moderate,5 Corveg sites|| 4 reference sites and expert opinion,,,,,,,,,,,,,,,,,,,,,,,,
11.9.10,80,100,0,4,8,6,14,na,17,7,na,50,18,47,32,2,8,16,14,55,300,moderate,9 reference sites||  1 Corveg site and expert opinion,,,,,,,,,,,,,,,,,,,,,,,,
11.9.2,80,100,0,2,10,7,12,na,15,na,na,25,na,47,na,13,na,25,18,30,366,high,7 Qld Herbarium CorVeg sites|| 1 BioCondition Reference sites|| 2 QBERD sites and expert opinion,,,,,,,,,,,,,,,,,,,,,,,,
11.9.4a,80,100,0,19,17,3,13,18,13,7,5,30,33,na,25,na,146,24,3,60,1035,high,27 Qld Herbarium CorVeg sites|| 1 BioCondition Reference sites|| 3 analogous RE benchmarks and expert opinion,,,,,,,,,,,,,,,,,,,,,,,,
11.9.4c,80,100,0,7,8,8,10,na,15.8,na,na,67,na,38,24,20,4,70,5,67,944,moderate,2 reference sites and expert opinion,,,,,,,,,,,,,,,,,,,,,,,,
11.9.5_eastern,80,100,0,2,10,4,9,na,25,8,na,59,48,na,30,na,98,11,4,66,2816,high,2 reference sites|| 2 QBERD sites and expert opinion,,,,,,,,,,,,,,,,,,,,,,,,
11.9.5_western,80,100,0,4,5,5,10,na,15,8,na,32,30,na,26,na,10,19,30,49,688,high,6 QBERD sites and expert opinion,,,,,,,,,,,,,,,,,,,,,,,,
11.9.6,80,100,0,3,4,8,10,na,15,na,na,84,na,na,25,na,80,14,15,74,688,moderate,1 reference site and expert opinion,,,,,,,,,,,,,,,,,,,,,,,,
11.9.7,80,100,0,3,5,9,28,na,16,9,na,27,12,40,22,14,2,1,26,15,287,high,4 reference sites and 4 Corveg sites and expert opinion,,,,,,,,,,,,,,,,,,,,,,,,
11.9.9,80,100,0,3,7,7,8,na,18,6,na,20,4,51,na,12,na,5,22,39,268,high,1 reference sites||  23 Corveg sites and expert opinion,,,,,,,,,,,,,,,,,,,,,,,,
12.1.1,80,100,0,1,1,2,3,na,12,7,na,67,23,na,29,na,92,5,85,5,360,high,3 reference sites|| 10 Corveg sites and expert elicited data,,,,,,,,,,,,,,,,,,,,,,,,
12.1.2,25,na,0,0,0,1,3,na,na,na,na,na,na,na,na,na,na,na,35,na,na,high,28 Corveg sites and expert elicited data,,,,,,,,,,,,,,,,,,,,,,,,
12.11.10,80,100,0,25,23,1,35,33,22,8,5,64,47,na,33,na,88,29,15,54,705,high,3 reference sites||  5 Corveg sites and expert opinion,,,,,,,,,,,,,,,,,,,,,,,,
12.11.11,80,100,0,44,37,2,19,20,17,10,5,79,60,na,29,na,80,30,0.3,72,314,high,3 reference sites and expert opinion,,,,,,,,,,,,,,,,,,,,,,,,
12.11.14,80,100,0,6,7,8,23,na,24,13,na,39,21,41,na,33,na,4,45,30,260,high,3 reference sites||  8 Corveg sites and expert opinion,,,,,,,,,,,,,,,,,,,,,,,,
12.11.18,80,100,0,5,5,6,16,na,25,13,na,47,19,42,na,29,na,10,30,47,716,high,13 Corveg sites|| 2 QBERD sites|| 3 reference sites and expert opinion,,,,,,,,,,,,,,,,,,,,,,,,
12.11.2,80,100,0,12,19,4,24,na,32,15,na,67,32,53,28,63,53,11,17,72,1727,high,8 Corveg sites|| 2 reference sites|| 11 additional sites and expert opinion,,,,,,,,,,,,,,,,,,,,,,,,
12.11.23,80,100,0,8,12,5,15,na,29,10,na,63,8,47,na,14,na,12,21,56,480,high,5 Qld Herbarium CorVeg sites|| 3 BioCondition Reference sites and expert opinion.,,,,,,,,,,,,,,,,,,,,,,,,
12.11.24,80,100,0,10,8,9,17,na,26,10,na,72,43,46,na,33,na,7,39,45,546,high,24 Corveg sites|| 3 reference sites and expert opinion,,,,,,,,,,,,,,,,,,,,,,,,
12.11.25,80,100,0,7,8,9,13,na,22,9,na,40,5,40,na,23,na,4,20,65,100,very high,6 Corveg sites|| 1 reference site|| 9 QBERD sites and expert opinion,,,,,,,,,,,,,,,,,,,,,,,,
12.11.26,80,100,0,7,10,6,17,na,18,6,na,58,20,43,na,33,na,33,4,60,587,high,1 Corveg site|| 3 reference sites and expert opinion,,,,,,,,,,,,,,,,,,,,,,,,
12.11.27,80,100,0,8,7,7,14,na,21,10,na,44,18,50,na,27,na,13,26,51,639,high,7 Corveg site|| 3 reference sites and expert opinion,,,,,,,,,,,,,,,,,,,,,,,,
12.11.28,80,100,0,4,8,5,14,na,16,7,na,49,14,36,na,26,na,25,7,73,194,moderate,3 reference sites and expert opinion,,,,,,,,,,,,,,,,,,,,,,,,
12.11.3,80,100,0,6,12,4,21,na,25,10,na,72,17,45,na,63,na,21,16,76,370,moderate,2 reference sites|| 1 corveg and expert opinion,,,,,,,,,,,,,,,,,,,,,,,,
12.11.3a,80,100,0,11,13,5,23,na,26,9,na,65,22,46,na,41,na,11,12,54,902,high,3 reference sites|| 8 Corveg sites and expert opinion,,,,,,,,,,,,,,,,,,,,,,,,
12.11.5,80,100,0,7,11,8,17,na,24,10,na,60,14,43,na,26,na,14,30,50,457,high,2 reference sites|| 50 Corveg and other sites|| 3 QBERD sites and expert opinion,,,,,,,,,,,,,,,,,,,,,,,,
12.11.5m,80,100,0,9,14,2,16,na,15,7,na,52,18,39,27,25,3,24,2,47,447,moderate,3 reference sites and expert opinion,,,,,,,,,,,,,,,,,,,,,,,,
12.11.6,80,100,0,4,6,11,29,na,21,11,na,32,10,50,na,12,na,12,25,45,320,high,12 reference sites and 41 Corveg sites and expert opinion,,,,,,,,,,,,,,,,,,,,,,,,
12.11.7,80,100,0,4,6,13,36,na,18,7,na,32,8,39,na,18,na,5,30,35,350,high,11 Corveg sites and expert opinion,,,,,,,,,,,,,,,,,,,,,,,,
12.11.8,80,100,0,6,3,6,15,na,20,9,na,40,30,40,na,16,na,3,45,35,740,high,9 Corveg sites|| 4 QBERD sites|| 1 reference site and expert opinion,,,,,,,,,,,,,,,,,,,,,,,,
12.11.9,80,100,0,6,6,5,21,na,23,10,na,50,15,43,26,30,18,6,25,35,383,high,9 Corveg sites|| 3 reference sites and expert opinion,,,,,,,,,,,,,,,,,,,,,,,,
12.12.11,80,100,0,6,5,11,33,na,18,10,na,24,10,41,na,22,na,4,45,33,457,high,21 Qld Herbarium CorVeg sites|| 2 QBERD assessment sites and expert opinion,,,,,,,,,,,,,,,,,,,,,,,,
12.12.12,80,100,0,4,3,9,28,na,21,11,na,31,12,45,na,60,na,5,40,35,500,moderate,21 Corveg sites and expert opinion,,,,,,,,,,,,,,,,,,,,,,,,
12.12.13,80,100,0,17,25,1,21,30,20,11,4,51,39,na,36,na,50,19,1,27,268,high,11 Corveg sites|| 1 reference site|| 8 QBERD sites and expert opinion,,,,,,,,,,,,,,,,,,,,,,,,
12.12.14,80,100,0,6,12,3,13,na,21,12,na,57,50,50,na,35,na,30,9,45,550,very high,17 Corveg site|| 3 reference sites and expert opinion,,,,,,,,,,,,,,,,,,,,,,,,
12.12.15,80,100,0,8,6,5,17,na,24,10,na,82,55,46,26,65,14.66666667,5,23,65,613,moderate,3 reference sites and expert opinion,,,,,,,,,,,,,,,,,,,,,,,,
12.12.15b,80,100,0,12,17,5,21,na,28,11,na,78,10,47,27,54,5,6,18,57,859,high,4 Corveg sites|| 3 reference sites||  6 other sites and expert opinion,,,,,,,,,,,,,,,,,,,,,,,,
12.12.16,80,100,0,45,38,2,25,na,28,18,na,70,20,na,38,na,73,35,1,51,461,moderate, 5 Qld Herbarium CorVeg sites|| 2 of which were BioCondition Reference sites and expert opinion,,,,,,,,,,,,,,,,,,,,,,,,
12.12.2,80,100,0,6,14,3,22,na,34,16,na,62,15,48,29,35,2,24,20,53,527,high,19 Qld Herbarium CorVeg sites|| 3 QBERD assessment sites|| and analogous RE benchmark and expert opinion,,,,,,,,,,,,,,,,,,,,,,,,
12.12.23,80,100,0,7,12,8,22,na,25,12,na,56,10,52,26,34,2,4,38,27,461,high,6 Corveg sites|| 3 reference sites and expert opinion,,,,,,,,,,,,,,,,,,,,,,,,
12.12.28,80,100,0,5,6,7,23,na,25,15,na,50,20,42,na,36,na,11,45,45,460,very high,12 Corveg sites|| 1 QBERD site|| 2 reference sites and expert opinion,,,,,,,,,,,,,,,,,,,,,,,,
12.12.3,80,100,0,7,7,6,15,na,23,12,na,60,20,40,na,31,na,10,35,45,755,very high,20 Corveg sites|| 2 QBERD site|| 3 reference sites and expert opinion,,,,,,,,,,,,,,,,,,,,,,,,
12.12.5,80,100,0,5,9,11,17,na,22,9,na,41,10,41,na,29,na,3,35,35,578,high,27 Corveg and other sites|| 2 reference sites and expert opinion,,,,,,,,,,,,,,,,,,,,,,,,
12.12.7,80,100,0,5,7,10,24,na,18,9,na,35,10,40,na,24,na,2,43,36,584,high,9 Corveg sites|| 2 reference sites|| 2 other sites and expert opinion,,,,,,,,,,,,,,,,,,,,,,,,
12.2.1,70,100,0,44,7,na,36,na,28,na,na,74,na,na,45,na,61,31,na,79,817,moderate,3 reference sites and expert opinion,,,,,,,,,,,,,,,,,,,,,,,,
12.2.11,80,100,0,9,8,5,15,na,16,8,na,48,20,42,30,28,32,12,20,63,599,moderate, 19 Qld Herbarium CorVeg sites|| 2 QBERD assessment sites|| 3 analogous RE benchmarks and expert opinion,,,,,,,,,,,,,,,,,,,,,,,,
12.2.12,55,100,0,1,13,1,7,4,na,na,4,na,na,na,na,na,na,58,1,29,na,high,8 Qld Herbarium CorVeg sites|| 3 BioCondition Reference sites and expert opinion,,,,,,,,,,,,,,,,,,,,,,,,
12.2.14,80,100,0,4,4,3,7,na,6,na,na,42,na,na,22,na,22,14,12,30,53,high,3 Corveg sites|| 2 reference sites and expert opinion.,,,,,,,,,,,,,,,,,,,,,,,,
12.2.2,80,100,0,11,15,1,11,na,10,na,na,87,na,na,28,na,77,49,3,80,567,moderate,6 reference sites and a technical description based on 4 checked Corveg sites and expert opinion,,,,,,,,,,,,,,,,,,,,,,,,
12.2.21b,70,100,0,1,1,na,na,na,7,na,na,80,na,na,31,na,60,na,na,50,407,high,28 corveg and 3 reference sites and expert opinion,,,,,,,,,,,,,,,,,,,,,,,,
12.2.5,80,100,0,5,10,3,14,na,16,6,na,80,20,43,35,33,45,14,12,70,577,high,14 Qld Herbarium CorVeg sites|| 4 BioCondition Reference sites and expert opinion,,,,,,,,,,,,,,,,,,,,,,,,
12.2.6,80,100,0,9,16,2,13,na,16,na,na,64,na,53,28,34,24,26,4,71,138,moderate,3 reference sites and expert opinion,,,,,,,,,,,,,,,,,,,,,,,,
12.2.7,80,100,0,3,4,3,12,na,14,8,na,60,20,50,30,5,120,15,15,30,900,moderate,46 Corveg sites and expert opinion,,,,,,,,,,,,,,,,,,,,,,,,
12.2.8,80,100,0,10,19,1,16,na,22,na,na,83,na,67,31,29,28,26,na,86,540,moderate,3 reference sites and expert opinion,,,,,,,,,,,,,,,,,,,,,,,,
12.2.9,70,100,0,3,20,na,4,na,8,na,na,6,na,48,14,12,2,19,na,47,103,moderate,3 reference sites and expert opinion,,,,,,,,,,,,,,,,,,,,,,,,
12.3.11,80,100,0,7,7,12,25,na,23,8,na,56,33,49,36,22,8,20,44,37,555,high,4 reference sites and expert opinion,,,,,,,,,,,,,,,,,,,,,,,,
12.3.11a,80,100,0,13,9,4,25,na,25,10,na,73,53,50,28,32,56,13,12,65,519,high,1 Corveg site|| 3 reference sites and expert opinion,,,,,,,,,,,,,,,,,,,,,,,,
12.3.11b,80,100,0,13,8,7,11,na,25,17,na,51,78,45,26,15,14,34,8,61,353,high,3 reference sites and expert opinion,,,,,,,,,,,,,,,,,,,,,,,,
12.3.12,80,100,0,6,9,10,20,na,12,5,na,53,12,47,26,11,64,4,41,17,54,moderate,4 reference sites and expert opinion,,,,,,,,,,,,,,,,,,,,,,,,
12.3.13,55,100,0,1,12,1,13,5,na,na,3,na,na,na,na,na,na,56,2,15,na,moderate,13 Qld Herbarium CorVeg sites|| 2 BioCondition Reference sites and expert opinion,,,,,,,,,,,,,,,,,,,,,,,,
12.3.16,80,100,0,28,30,1,16,na,25,8,na,80,40,72,34,2,104,28,na,60,189,high,3 reference sites|| 11 Corveg sites and expert opinion,,,,,,,,,,,,,,,,,,,,,,,,
12.3.18,80,100,0,5,6,8,32,19,8,na,3,73,na,37,25,10,80,3,13,23,360,moderate,2 reference sites|| 1 Corveg site and expert opinion,,,,,,,,,,,,,,,,,,,,,,,,
12.3.19,80,100,0,4,2,6,11,na,18,9,na,41,59,39,23,18,20,12,46,32,175,moderate,3 Corveg sites|| 1 equivalent RE benchmark and expert opinion,,,,,,,,,,,,,,,,,,,,,,,,
12.3.1a,80,100,0,11,17,1,16,na,28,8,na,80,40,72,36,5,145,28,1,30,295,high,2 Qld Herbarium CorVeg sites|| 2 BioCondition Reference sites|| an analogous RE and expert opinion,,,,,,,,,,,,,,,,,,,,,,,,
12.3.2,80,100,0,14,21,2,22,na,30,15,na,56,48,55,29,50,34,17,17,56,931,moderate,4 Corveg sites|| 1 Native Foresters reference sites|| 2 equivalent RE benchmarks and expert opinion,,,,,,,,,,,,,,,,,,,,,,,,
12.3.20,80,100,0,4,4,2,8,na,16,8,na,70,20,na,30,na,165,15,20,30,890,moderate,17 Corveg sites|| analogous RE benchmark and expert opinion,,,,,,,,,,,,,,,,,,,,,,,,
12.3.3,80,100,0,5,5,9,25,na,25,9,na,40,8,54,na,14,na,4,52,20,588,very high,14 Qld Herbarium CorVeg sites|| 6 BioCondition Reference sites and expert opinion,,,,,,,,,,,,,,,,,,,,,,,,
12.3.3a,80,100,0,6,8,11,24,na,28,12,na,55,14,45,na,27,na,20,35,40,480,moderate,1 reference site|| 6 analogous reference sites and expert elicited data,,,,,,,,,,,,,,,,,,,,,,,,
12.3.3d,80,100,0,5,6,9,22,na,27,11,na,50,20,48,na,22,na,11,30,50,453,high,7 Corveg sites|| 4 QBERD sites|| 3 reference sites and expert opinion,,,,,,,,,,,,,,,,,,,,,,,,
12.3.5,80,100,0,3,3,3,11,na,19,na,na,80,na,na,33,na,181,1,5,25,903,high,3 reference sites|| 9 Corveg sites and expert opinion,,,,,,,,,,,,,,,,,,,,,,,,
12.3.6,80,100,0,8,7,6,15,na,18,8,na,55,6,44,26,25,78,6,30,43,617,high,2 reference sites|| 8 Corveg sites and expert elicited data,,,,,,,,,,,,,,,,,,,,,,,,
12.3.7,80,100,0,6,8,6,17,na,22,13,na,31,23,51,28,20,140,10,8,27,667,high,1 reference site|| 10 Corveg sites and expert opinion,,,,,,,,,,,,,,,,,,,,,,,,
12.3.7c,80,100,0,5,5,3,10,na,28,16,na,20,55,51,28,10,97,1,11,18,277,moderate,3 reference sites|| 1 analogous refernce site and expert elicited data,,,,,,,,,,,,,,,,,,,,,,,,
12.3.8,30,na,0,na,na,1,5,na,na,na,na,na,na,na,na,na,na,na,20,1,na,high, 4 reference sites|| 2 Corveg sites and expert opinion,,,,,,,,,,,,,,,,,,,,,,,,
12.5.1,80,100,0,6,13,7,12,na,24,6,na,50,5,52,na,7,na,7,15,65,140,moderate,18 equivalent RE Corveg sites|| 3 QBERD research plots from an analogous RE and expert opinion.,,,,,,,,,,,,,,,,,,,,,,,,
12.5.13a,80,100,0,22,24,1,13,27,16,8,5,47,48,na,31,na,92,31,1,80,1038,high,3 reference sites|| 10 Corveg sites and expert opinion,,,,,,,,,,,,,,,,,,,,,,,,
12.5.1b,80,100,0,7,9,7,14,na,27,11,na,48,22,55,na,38,na,4,70,30,488,moderate,1 BioCondition Reference sites|| 2 analogous RE Benchmarks and expert opinion,,,,,,,,,,,,,,,,,,,,,,,,
12.5.1g,80,100,0,9,13,9,11,na,22,10,na,72,35,46,na,20,na,9,17,60,575,moderate,2 reference sites|| 8 QBERD ecological sites and expert opinion,,,,,,,,,,,,,,,,,,,,,,,,
12.5.2a,80,100,0,8,7,5,10,na,22,11,na,47,32,41,22,31,2,14,37,62,480,high,3 reference sites|| 5 Corveg sites and expert opinion,,,,,,,,,,,,,,,,,,,,,,,,
12.5.2b,80,100,0,8,9,6,13,na,24,12,na,55,36,41,23,31,2,8,30,53,392,moderate,2 Corveg sites|| 1 reference sites|| 3 reference sites from an equivalent RE and expert opinion,,,,,,,,,,,,,,,,,,,,,,,,
12.5.2x1,80,100,0,4,2,7,22,22,9,5,5,77,9,45,26,4,76,1,21,27,540,moderate,5 reference sites of an analogous RE and expert opinion,,,,,,,,,,,,,,,,,,,,,,,,
12.5.3,80,100,0,5,6,5,13,na,24,8,na,62,33,51,na,25,na,27,15,67,432,moderate,4 reference sites and expert opinion,,,,,,,,,,,,,,,,,,,,,,,,
12.5.3a,80,100,0,8,8,8,17,na,23,12,na,46,41,44,33,26,2,10,7,69,631,high,5 Corveg sites|| 3 reference sites and expert opinion,,,,,,,,,,,,,,,,,,,,,,,,
12.5.4,80,100,0,6,14,10,20,na,15,na,na,57,na,41,40,24,4,14,29,41,415,moderate,3 reference sites and expert opinion,,,,,,,,,,,,,,,,,,,,,,,,
12.5.4a,80,100,0,6,7,5,11,na,18,7,na,50,34,30,30,8,85,15,40,50,190,high,1 reference site|| 5 Corveg sites and expert elicited data,,,,,,,,,,,,,,,,,,,,,,,,
12.5.6,80,100,0,12,11,1,9,na,38,na,na,80,na,61,26,26,30,25,31,78,447,moderate,3 reference sites and expert opinion,,,,,,,,,,,,,,,,,,,,,,,,
12.5.6a,80,100,0,11,9,3,24,na,31,na,na,80,na,56,29,32,6,25,31,45,447,moderate,2 reference sites and expert opinion,,,,,,,,,,,,,,,,,,,,,,,,
12.5.6b,80,100,0,10,6,6,19,na,27,11,na,70,36,44,na,37,na,17,10,60,980,moderate,3 reference sites|| 2 Corveg sites and expert opinion,,,,,,,,,,,,,,,,,,,,,,,,
12.5.7,80,100,0,5,8,12,14,na,27,8,na,71,22,47,na,65,na,17,23,48,280,moderate,1 reference site and expert opinion,,,,,,,,,,,,,,,,,,,,,,,,
12.5.7b,80,100,0,9,7,7,12,na,28,10,na,58,45,40,na,34,na,12,20,52,245,high,2 reference site|| 2 Corveg sites and expert elicited data,,,,,,,,,,,,,,,,,,,,,,,,
12.5.7c,80,100,0,4,6,8,12,na,25,11,na,55,19,45,na,45,na,13,30,45,277,high,2 Corveg sites|| 5 reference Sites and expert opinion,,,,,,,,,,,,,,,,,,,,,,,,
12.5.9a,80,100,0,6,7,6,11,20,7,na,5,66,na,42,16,9,12,32,5,64,249,moderate,2 reference sites|| 3 Corveg sites and expert opinion,,,,,,,,,,,,,,,,,,,,,,,,
12.8.1,80,100,0,6,13,3,23,na,29,13,na,73,12,49,na,58,na,11,4,55,834,moderate,2 Qld Herbarium CorVeg sites|| 1 Qld Herbarium CorVeg sites from an analogous RE|| 1 BioCondition Reference site and expert opinion,,,,,,,,,,,,,,,,,,,,,,,,
12.8.13,80,100,0,23,20,1,21,24,16,8,5,58,28,na,28,na,55,17,1,79,614,high,1 reference site|| 7 Corveg sites and expert opinion,,,,,,,,,,,,,,,,,,,,,,,,
12.8.14,80,100,0,6,6,8,21,na,22,11,na,60,15,44,na,45,na,4,58,30,336,high,9 Qld Herbarium CorVeg sites|| 4 BioCondition Reference sites and expert opinion,,,,,,,,,,,,,,,,,,,,,,,,
12.8.14b,80,100,0,8,12,4,24,na,31,15,na,71,19,48,26,58,22,14,14,43,746,moderate,1 BioCondition Reference sites|| 1 analogous RE benchmark and expert opinion,,,,,,,,,,,,,,,,,,,,,,,,
12.8.16,80,100,0,7,7,7,29,na,20,8,na,41,17,41,30,32,2,4,45,21,592,moderate,3 reference sites|| 2 Corveg site and expert opinion,,,,,,,,,,,,,,,,,,,,,,,,
12.8.17,80,100,0,7,5,12,27,na,19,10,na,48,20,38,na,24,na,5,32,21,234,moderate,3 reference sites|| 1 Corveg site and expert opinion,,,,,,,,,,,,,,,,,,,,,,,,
12.8.20,80,100,0,7,10,4,15,na,21,7,na,44,16,49,na,20,na,29,20,40,811,high,3 reference sites|| 8 Corveg sites and expert opinion,,,,,,,,,,,,,,,,,,,,,,,,
12.8.21,80,100,0,16,13,1,10,na,13,9,na,47,50,36,86,10,20,49,8,44,1080,moderate,1 reference site|| 2 Corveg sites and expert opinion,,,,,,,,,,,,,,,,,,,,,,,,
12.8.24,80,100,0,7,7,13,28,na,27,11,na,53,24,42,na,25,na,7,8,32,764,moderate,3 reference sites and expert opinion,,,,,,,,,,,,,,,,,,,,,,,,
12.8.25,80,100,0,7,3,4,9,na,23,10,na,62,21,44,25,22,1,8,1,1,469,moderate,1 reference sites||  a technical description||  3 checked Corveg sites and expert opinion.,,,,,,,,,,,,,,,,,,,,,,,,
12.8.26,80,100,0,6,13,8,29,na,19,9,na,26,14,39,na,24,na,14,12,38,721,moderate,1 Qld Herbarium CorVeg sites|| 1 BioCondition Reference sites|| an analogous RE benchmark and expert opinion,,,,,,,,,,,,,,,,,,,,,,,,
12.8.3,70,100,0,41,14,0,24,na,30,16,na,86,39,na,50,na,68,14,na,82,933,high,15 Corveg sites|| 3 reference sites||  1 QBERD site and expert opinion,,,,,,,,,,,,,,,,,,,,,,,,
12.8.9,80,100,0,10,12,3,30,na,27,14,na,73,23,45,27,46,5,14,7,51,706,moderate,6 Qld Herbarium CorVeg sites|| an 2 equivalent RE benchmarks and expert opinion,,,,,,,,,,,,,,,,,,,,,,,,
12.9-10.11,80,100,0,4,2,7,22,22,9,5,5,77,9,45,26,4,76,1,21,27,540,high,4 reference sites|| a QBERD assessment site and expert opinion,,,,,,,,,,,,,,,,,,,,,,,,
12.9-10.12,80,100,0,8,7,7,14,na,22,11,na,46,37,40,25,27,3,12,30,50,603,high,5 reference sites|| 4 Corveg sites and expert opinion,,,,,,,,,,,,,,,,,,,,,,,,
12.9-10.14,80,100,0,7,12,6,16,na,33,16,na,68,13,41,na,50,na,14,36,25,527,moderate,7 Qld Herbarium CorVeg sites|| 1 BioCondition Reference sites|| 1 QBERD site and expert opinion,,,,,,,,,,,,,,,,,,,,,,,,
12.9-10.14b,80,100,0,7,3,6,18,na,32,17,na,55,25,41,na,50,na,17,34,28,527,moderate,6 Qld Herbarium CorVeg sites|| 1 BioCondition Reference sites|| 1 QBERD site and expert opinion,,,,,,,,,,,,,,,,,,,,,,,,
12.9-10.15,80,100,0,30,16,2,23,na,18,17,na,56,55,na,26,na,120,56,4,55,1080,moderate,1 reference site|| 2 corveg sites and expert opinion,,,,,,,,,,,,,,,,,,,,,,,,
12.9-10.16,80,100,0,19,21,1,17,28,16,8,5,66,50,na,30,na,75,50,1,55,379,high,1 reference site|| 8 Corveg sites and expert opinion,,,,,,,,,,,,,,,,,,,,,,,,
12.9-10.17a,80,100,0,13,13,5,31,na,27,13,na,85,27,43,na,37,na,12,11,45,553,low,2 reference sites from an analagous RE and expert opinion,,,,,,,,,,,,,,,,,,,,,,,,
12.9-10.17b,80,100,0,10,5,6,17,na,27,15,na,52,31,46,na,30,na,27,35,55,401,high,2 reference sites|| 5 Corveg sites|| 4 other sites and expert opinion,,,,,,,,,,,,,,,,,,,,,,,,
12.9-10.17c,80,100,0,8,12,5,20,na,24,11,na,57,33,44,na,27,na,13,23,46,469,high,3 reference sites|| 3 Corveg sites and expert opinion,,,,,,,,,,,,,,,,,,,,,,,,
12.9-10.17d,80,100,0,8,13,9,17,na,26,10,na,65,13,40,na,45,na,5,23,46,439,high,2 reference sites|| 7 Corveg sites and expert opinion,,,,,,,,,,,,,,,,,,,,,,,,
12.9-10.19,80,100,0,5,7,5,15,na,23,12,na,49,13,42,na,25,na,27,20,40,299,moderate,19 Qld Herbarium CorVeg sites|| 6 QBERD research sites|| a previously published benchmarks and expert opinion.,,,,,,,,,,,,,,,,,,,,,,,,
12.9-10.19a,80,100,0,4,6,7,14,na,24,10,na,59,22,44,na,24,na,11,16,53,285,moderate,3 reference sites|| 1 Corveg site and expert opinion,,,,,,,,,,,,,,,,,,,,,,,,
12.9-10.2,80,100,0,6,7,7,13,na,21,12,na,64,20,38,na,38,na,6,21,48,506,high,4 reference sites|| 13 Corveg sites and expert opinion,,,,,,,,,,,,,,,,,,,,,,,,
12.9-10.21,80,100,0,6,9,10,16,na,24,11,na,43,10,43,na,35,na,22,47,28,457,high,9 Qld Herbarium CorVeg sites|| 3 QBERD assessment sites and expert opinion,,,,,,,,,,,,,,,,,,,,,,,,
12.9-10.22,80,100,0,5,7,3,7,13,6,na,5,22,na,40,30,4,6,17,0.5,13,77,high,3 reference sites and expert opinion.,,,,,,,,,,,,,,,,,,,,,,,,
12.9-10.26,80,100,0,9,9,13,20,na,19,12,na,56,17,43,na,27,na,9,20,60,857,moderate,2 reference sites|| 1 Corveg site|| 1 QBERD site from an analogous RE and expert opinion,,,,,,,,,,,,,,,,,,,,,,,,
12.9-10.3,80,100,0,5,5,9,17,na,26,12,na,50,15,45,na,26,na,9,40,40,620,very high,17 Corveg sites|| 5 QBERD sites|| 2 reference sites and expert opinion,,,,,,,,,,,,,,,,,,,,,,,,
12.9-10.4,80,100,0,6,8,6,18,na,24,13,na,45,15,51,31,25,4,10,27,40,296,moderate,1 reference site|| 20 CorVeg sites|| an equivalent RE benchmark and expert opinion,,,,,,,,,,,,,,,,,,,,,,,,
12.9-10.4a,80,100,0,7,11,8,16,na,21,9,na,72,35,49,25,27,9,5,15,51,458,high,3 reference sites and expert opinion.,,,,,,,,,,,,,,,,,,,,,,,,
12.9-10.6,80,100,0,12,8,5,9,na,26,12,na,54,27,na,31,na,31,13,14,52,467,moderate,5 reference sites|| 2 QBERD sites and expert opinion,,,,,,,,,,,,,,,,,,,,,,,,
12.9-10.7,80,100,0,3,5,8,26,na,21,10,na,40,8,39,na,18,na,3,61,20,272,high,3 reference sites|| 6 Corveg sites and expert opinion,,,,,,,,,,,,,,,,,,,,,,,,
12.9-10.7a,80,100,0,9,6,6,16,na,25,12,na,58,20,44,na,30,na,12,37,50,213,high,5 Corveg sites|| 1 QBERD site|| 2 reference sites and expert opinion,,,,,,,,,,,,,,,,,,,,,,,,
13.11.4,80,100,0,5,7,4,12,na,13,7,na,31,19,41,31,24,6,29,6,42,308,moderate,1 reference site|| 8 Corveg sites|| reference sites from analogous RE and expert opinion,,,,,,,,,,,,,,,,,,,,,,,,
13.11.8,80,100,0,5,6,6,12,na,17,8,na,53,6,42,na,34,na,22,21,60,568,moderate,1 reference site|| 9 Corveg sites|| reference sites from 2 analogous RE's and expert opinion,,,,,,,,,,,,,,,,,,,,,,,,
13.12.1,80,100,0,4,10,4,17,na,25,13,na,55,12,44,45,36,3,29,36,47,652,moderate,1 reference site|| 10 Corveg sites|| reference sites from 2 analogous RE's and expert opinion,,,,,,,,,,,,,,,,,,,,,,,,
13.12.10,80,100,0,3,3,8,18,na,19,na,na,70,na,44,27,25,4,2,17,66,491,moderate,2 reference sites and expert opinion,,,,,,,,,,,,,,,,,,,,,,,,
13.12.2,80,100,0,5,15,3,17,na,18,8,na,33,7,49,43,44,38,8,29,18,374,moderate,1 reference sites|| 18 Corveg sites|| reference sites from 2 analogous RE's and expert opinion,,,,,,,,,,,,,,,,,,,,,,,,
13.12.5,80,100,0,4,8,4,9,na,12,5,na,38,9,43,na,37,na,25,30,25,504,moderate,2 reference sites|| 7 Corveg sites|| reference sites from 2 analogous RE's and expert opinion,,,,,,,,,,,,,,,,,,,,,,,,
13.12.8,80,100,0,3,4,12,23,na,19,na,na,50,na,43,53,43,2,18,15,83,491,moderate,2 reference sites and expert opinion,,,,,,,,,,,,,,,,,,,,,,,,
13.12.9,80,100,0,4,8,9,21,na,22,na,na,60,na,43,na,45,na,34,15,79,491,moderate,2 reference sites and expert opinion,,,,,,,,,,,,,,,,,,,,,,,,
13.3.1,80,100,0,5,7,9,16,na,22,8,na,49,13,40,na,40,na,7,36,58,253,moderate,1 reference site|| an analogous RE reference site and 2 corveg sites and expert opinion,,,,,,,,,,,,,,,,,,,,,,,,
13.3.3,80,100,0,1,3,9,19,na,27,na,na,62,na,46,na,46,na,0,34,65,555,moderate,1 reference sites and expert opinion,,,,,,,,,,,,,,,,,,,,,,,,
13.3.4,80,100,0,4,5,8,13,na,23,na,na,49,na,43,na,40,na,2,44,41,491,moderate,1 reference site|| 2 corveg sites and expert opinion,,,,,,,,,,,,,,,,,,,,,,,,
13.9.2,80,100,0,5,6,4,19,na,28,na,na,87,na,57,na,72,na,5,20,64,555,moderate,1 reference sites and expert opinion,,,,,,,,,,,,,,,,,,,,,,,,
2.3.3,30,na,0,na,na,5,5,na,na,na,na,na,na,na,na,na,na,na,70,5,na,moderate,9 Corveg sites and expert opinion,,,,,,,,,,,,,,,,,,,,,,,,
2.3.7a,80,100,0,1,1,6,7,na,8,na,na,37,na,na,23,na,70,3,8,23,380,moderate,6 Qld Herbarium CorVeg sites|| data from 2 analogous RE's and expert opinion,,,,,,,,,,,,,,,,,,,,,,,,
2.4.2a,30,na,0,na,na,7,7,na,na,na,na,na,na,na,na,na,na,na,59,8,na,moderate,7 Corveg sites and expert opinion,,,,,,,,,,,,,,,,,,,,,,,,
2.4.2b,30,na,0,1,1,7,8,na,na,na,na,na,na,na,na,na,na,na,63,8,na,moderate,14 Corveg sites and expert opinion,,,,,,,,,,,,,,,,,,,,,,,,
3.12.10,80,100,0,10,15,9,18,na,13,6,na,19,10,38,28,26,19,12,34,41,133,high,12 Corveg sites|| 7 analogous RE Corveg sites and expert opinion,,,,,,,,,,,,,,,,,,,,,,,,
3.12.42,80,100,0,10,16,9,17,na,17,8,na,20,8,27,29,55,5,5,25,37,170,high,15 Corveg sites and expert opinion,,,,,,,,,,,,,,,,,,,,,,,,
3.3.24,80,100,0,5,7,8,9,na,18,6,na,17,6,47,26,45,5,2,42,33,220,moderate,7 Corveg sites and expert opinion,,,,,,,,,,,,,,,,,,,,,,,,
3.3.56,40,na,0,2,na,6,7,4,na,na,2,na,na,na,na,na,na,na,48,10,na,moderate,7 Corveg sites and expert opinion,,,,,,,,,,,,,,,,,,,,,,,,
3.5.36,80,100,0,7,16,7,16,na,24,11,na,29,9,39,35,38,12,13,26,42,286,high,41 Corveg sites and expert opinion,,,,,,,,,,,,,,,,,,,,,,,,
3.5.36a,80,100,0,8,18,8,16,na,22,11,na,27,7,35,35,41,8,14,27,42,291,high,25 Corveg sites and expert opinion,,,,,,,,,,,,,,,,,,,,,,,,
3.5.36b,80,100,0,6,12,6,14,na,26,12,na,33,10,46,35,27,7,2,31,54,254,high,9 Qld Herbarium CorVeg sites|| 1 reference site|| and 3 equivalent RE reference sites and expert opinion,,,,,,,,,,,,,,,,,,,,,,,,
3.5.39,80,100,0,9,12,10,18,na,18,9,na,20,5,34,36,23,7,4,35,37,405,high,26 Corveg sites and expert opinion,,,,,,,,,,,,,,,,,,,,,,,,
3.5.39x1,80,100,0,10,8,6,10,12,9,5,3,20,7,26,25,27,93,12,8,13,377,high,9 Qld Herbarium CorVeg sites|| and measured tree and CWD data from 3 corveg sites from analogous REs and expert opinion.,,,,,,,,,,,,,,,,,,,,,,,,
4.3.12,45,100,0,na,1,3,7,na,na,na,na,na,na,na,na,na,na,13,4,36,na,moderate,2 Qld Herbarium CorVeg sites and expert opinion.,,,,,,,,,,,,,,,,,,,,,,,,
4.3.20,30,na,0,na,na,7,8,na,na,na,na,na,na,na,na,na,na,na,21,2,na,moderate,6 Qld Herbarium CorVeg sites and expert opinion,,,,,,,,,,,,,,,,,,,,,,,,
4.9.1a,30,na,0,na,na,7,10,na,na,na,na,na,na,na,na,na,na,na,33,9,na,moderate,10 Qld Herbarium CorVeg sites|| 6 QBERD sites and expert opinion,,,,,,,,,,,,,,,,,,,,,,,,
4.9.8,30,na,0,na,na,7,9,na,na,na,na,na,na,na,na,na,na,na,41,7,na,moderate,12 Qld Herbarium CorVeg sites and expert opinion,,,,,,,,,,,,,,,,,,,,,,,,
6.5.1,80,100,0,2,2,11,18,na,10,na,na,40,na,40,25,4,40,3,5,30,300,moderate,Based on 3 reference sites and expert opinion,,,,,,,,,,,,,,,,,,,,,,,,
6.5.10,80,100,0,2,5,13,10,na,9,na,na,55,na,na,25,na,15,2,20,45,125,moderate,Based on 3 reference sites and expert opinion,,,,,,,,,,,,,,,,,,,,,,,,
6.5.17,80,100,0,3,6,11,25,na,15,6,na,46,22,40,25,14,10,3,8,58,245,moderate,Based on 3 reference sites and expert opinion,,,,,,,,,,,,,,,,,,,,,,,,
6.5.2,80,100,0,2,3,8,11,na,16,11,na,35,18,43,22,15,43,1,35,47,785,moderate,2 reference sites|| 2 assessment sites|| 1 Corveg site and expert opinion,,,,,,,,,,,,,,,,,,,,,,,,
6.5.7,80,100,0,2,1,7,13,na,9,na,na,48,na,30,20,3,14,1,5,55,453,moderate,Based on 9 QBERD research plots and expert opinion,,,,,,,,,,,,,,,,,,,,,,,,
7.12.27a,80,100,0,5,12,6,11,na,19,8,na,59,21,43,24,70,21,6,25,40,400,moderate,8 Qld Herbarium CorVeg sites and expert opinion,,,,,,,,,,,,,,,,,,,,,,,,
7.12.30a,80,100,0,5,13,7,25,na,17,6,na,55,13,40,18,23,2,7,35,17,290,moderate,7 Qld Herbarium CorVeg sites and expert opinion,,,,,,,,,,,,,,,,,,,,,,,,
7.3.45a,80,100,0,8,11,10,25,na,15,7,na,33,13,36,na,26,na,8,61,13,127,moderate,7 Qld Herbarium CorVeg sites and expert opinion,,,,,,,,,,,,,,,,,,,,,,,,
7.3.8a,80,100,0,3,4,7,18,na,9,3,na,28,4,na,15,na,95,11,27,26,108,moderate,21 Qld Herbarium CorVeg sites and expert opinion,,,,,,,,,,,,,,,,,,,,,,,,
7.3.8b,80,100,0,5,4,9,25,15,11,7,2,23,15,26,16,28,95,30,40,23,347,moderate,8 Qld Herbarium CorVeg sites and expert opinion,,,,,,,,,,,,,,,,,,,,,,,,
8.11.3b,80,100,0,10,10,5,13,na,19,9,na,78,46,52,24,28,27,16,15,46,526,high,3 reference sites|| 1 Corveg site and expert opinion,,,,,,,,,,,,,,,,,,,,,,,,
8.11.3c,80,100,0,9,18,4,21,na,18,8,na,55,47,49,26,23,30,21,36,57,515,moderate,3 reference sites|| 21 Corveg sites and expert opinion,,,,,,,,,,,,,,,,,,,,,,,,
8.12.5b,80,100,0,7,9,6,19,na,15,8,na,62,30,45,na,18,na,27,12,61,362,moderate,3 reference sites|| 3 Corveg sites and expert opinion,,,,,,,,,,,,,,,,,,,,,,,,
8.2.13b,80,100,0,21,5,8,13,na,23,12,na,57,67,59,29,24,39,5,18,60,797,high,4 reference sites|| 2 Corveg sites and expert opinion,,,,,,,,,,,,,,,,,,,,,,,,
8.2.2,80,100,0,16,17,1,7,na,13,8,na,71,40,na,29,na,57,39,na,77,358,very high,19 Qld Herbarium CorVeg sites|| 1 BioCondition Reference sites|| 6 other sites and expert opinion,,,,,,,,,,,,,,,,,,,,,,,,
8.2.8a,80,100,0,9,9,5,8,na,13,7,na,77,31,42,25,16,8,18,3,59,506,high,4 reference sites|| 1 Corveg site and expert opinion,,,,,,,,,,,,,,,,,,,,,,,,
8.2.9,30,na,0,na,na,5,12,na,na,na,na,na,na,na,na,na,na,na,42,12,na,moderate,8 corveg sites and expert opinion,,,,,,,,,,,,,,,,,,,,,,,,
8.3.1a,80,100,0,18,24,1,5,23,18,11,5,58,23,na,26,na,85,25,na,73,463,moderate,6 corveg sites|| 2 analogous RE benchmarks and expert opinion,,,,,,,,,,,,,,,,,,,,,,,,
8.3.2,80,100,0,4,5,10,23,na,13,7,na,44,3,47,28,6,54,2,45,37,177,high,4 reference sites|| 4 Corveg sites and expert opinion,,,,,,,,,,,,,,,,,,,,,,,,
8.3.5,80,100,0,4,4,10,15,na,17,18,na,46,9,35,na,16,na,6,50,25,240,moderate,4 reference sites|| 8 Corveg sites and expert opinion,,,,,,,,,,,,,,,,,,,,,,,,
8.3.6c,80,100,0,8,11,7,12,na,22,14,na,65,37,40,22,42,38,7,27,38,252,moderate,3 reference site|| 2 Corveg sites and expert opinion,,,,,,,,,,,,,,,,,,,,,,,,
8.5.3,80,100,0,6,5,10,19,na,14,7,na,33,29,40,20,9,4,3,23,36,261,high,2 BioCondition Reference sites|| 5 Corveg sites|| 3 analogous RE benchmarks and expert opinion,relevant to  8.5.3a and 8.5.3b,,,,,,,,,,,,,,,,,,,,,,,
8.5.7,80,100,0,4,4,5,9,na,11,na,na,35,na,45,24,8,14,29,8,23,117,moderate,4 reference sites and expert opinion,,,,,,,,,,,,,,,,,,,,,,,,
9.11.13,80,100,0,4,6,7,10,na,15,na,na,29,na,35,23,13,1,3,54,24,246,moderate,3 Corveg sites|| 4 equivalent RE benchmarks and expert opinion,,,,,,,,,,,,,,,,,,,,,,,,
9.11.25,80,100,0,3,8,7,6,na,8,na,na,26,na,29,19,27,1,6,28,16,91,moderate,13 Corveg sites and expert opinion,,,,,,,,,,,,,,,,,,,,,,,,
9.11.3a,80,100,0,5,7,8,8,na,11,na,na,30,na,24,12,18,10,1,30,21,66,moderate,15 Corveg sites|| 1 BioCondition reference site and 6 equivalent RE reference sites and expert opinion,,,,,,,,,,,,,,,,,,,,,,,,
9.12.4a,80,100,0,4,7,8,11,na,8,na,na,13,na,21,na,16,na,2,36,11,55,moderate,13 Qld Herbarium CorVeg sites|| an alanogous RE Benchmark and expert opinion,,,,,,,,,,,,,,,,,,,,,,,,
9.3.15,80,100,0,5,3,6,9,na,27,na,na,31,na,51,42,20,80,2,5,17,721,moderate,5 Qld Herbarium CorVeg sites|| an analogous RE Benchmark and expert opinion,,,,,,,,,,,,,,,,,,,,,,,,
,,,,,,,,,,,,,,,,,,,,,,,,,,,,,,,,,,,,,,,,,,,,,,,
,,,,,,,,,,,,,,,,,,,,,,,,,,,,,,,,,,,,,,,,,,,,,,,
,,,,,,,,,,,,,,,,,,,,,,,,,,,,,,,,,,,,,,,,,,,,,,,
,,,,,,,,,,,,,,,,,,,,,,,,,,,,,,,,,,,,,,,,,,,,,,,
,,,,,,,,,,,,,,,,,,,,,,,,,,,,,,,,,,,,,,,,,,,,,,,
,,,,,,,,,,,,,,,,,,,,,,,,,,,,,,,,,,,,,,,,,,,,,,,
,,,,,,,,,,,,,,,,,,,,,,,,,,,,,,,,,,,,,,,,,,,,,,,
,,,,,,,,,,,,,,,,,,,,,,,,,,,,,,,,,,,,,,,,,,,,,,,
,,,,,,,,,,,,,,,,,,,,,,,,,,,,,,,,,,,,,,,,,,,,,,,
,,,,,,,,,,,,,,,,,,,,,,,,,,,,,,,,,,,,,,,,,,,,,,,
,,,,,,,,,,,,,,,,,,,,,,,,,,,,,,,,,,,,,,,,,,,,,,,
,,,,,,,,,,,,,,,,,,,,,,,,,,,,,,,,,,,,,,,,,,,,,,,
,,,,,,,,,,,,,,,,,,,,,,,,,,,,,,,,,,,,,,,,,,,,,,,
,,,,,,,,,,,,,,,,,,,,,,,,,,,,,,,,,,,,,,,,,,,,,,,
,,,,,,,,,,,,,,,,,,,,,,,,,,,,,,,,,,,,,,,,,,,,,,,
,,,,,,,,,,,,,,,,,,,,,,,,,,,,,,,,,,,,,,,,,,,,,,,
,,,,,,,,,,,,,,,,,,,,,,,,,,,,,,,,,,,,,,,,,,,,,,,
,,,,,,,,,,,,,,,,,,,,,,,,,,,,,,,,,,,,,,,,,,,,,,,
,,,,,,,,,,,,,,,,,,,,,,,,,,,,,,,,,,,,,,,,,,,,,,,
,,,,,,,,,,,,,,,,,,,,,,,,,,,,,,,,,,,,,,,,,,,,,,,
,,,,,,,,,,,,,,,,,,,,,,,,,,,,,,,,,,,,,,,,,,,,,,,
,,,,,,,,,,,,,,,,,,,,,,,,,,,,,,,,,,,,,,,,,,,,,,,
,,,,,,,,,,,,,,,,,,,,,,,,,,,,,,,,,,,,,,,,,,,,,,,
,,,,,,,,,,,,,,,,,,,,,,,,,,,,,,,,,,,,,,,,,,,,,,,
,,,,,,,,,,,,,,,,,,,,,,,,,,,,,,,,,,,,,,,,,,,,,,,
,,,,,,,,,,,,,,,,,,,,,,,,,,,,,,,,,,,,,,,,,,,,,,,
,,,,,,,,,,,,,,,,,,,,,,,,,,,,,,,,,,,,,,,,,,,,,,,
,,,,,,,,,,,,,,,,,,,,,,,,,,,,,,,,,,,,,,,,,,,,,,,
,,,,,,,,,,,,,,,,,,,,,,,,,,,,,,,,,,,,,,,,,,,,,,,